make,model,variant,yearFrom,yearTo,engineDisplacement,engineCylinders,engineFuelType,enginePowerBhp,enginePowerKw,engineTorqueNm,engineAspiration,enginePosition,gearboxType,gears,drivetrain,acceleration0100,topSpeedKph,topSpeedMph,fuelEconomyCombinedMpg,fuelEconomyCombinedL100,fuelEconomyUrbanL100,fuelEconomyExtraUrbanL100,fuelTankLitres,co2Gkm,lengthMm,widthMm,heightMm,wheelbaseMm,weightKg,bootLitres,tyreFront,brakeFront,brakeRear
LAMBORGHINI,350 GT,3.5L V12 5MT (260 HP),1964,1966.0,3464,12,PETROL,267.0,199.0,340.0,Naturally Aspirated,Front-Engine,MANUAL,5.0,RWD,6.5,245,152.0,16.8,14.0,17.4,12.7,,,4638.0,1730.0,1227.0,2550.0,1297.0,241.0,Hs 205/15,Discs,Discs
LAMBORGHINI,350 GTS,3.5 V12,1965,,3464,12,PETROL,267.0,199.0,340.0,Naturally Aspirated,Front-Engine,MANUAL,5.0,RWD,6.6,241,150.0,,,,,,,4638.0,1730.0,1227.0,2550.0,,,,Discs,Discs
LAMBORGHINI,400 GT,3.9L V12 5MT (320 HP),1965,1968.0,3929,12,PETROL,316.0,236.0,374.0,Naturally Aspirated,Front-Engine,MANUAL,5.0,RWD,6.4,261,162.0,13.4,17.6,,,,,4641.0,1730.0,1250.0,2550.0,1380.0,331.0,210 Hr 15,Discs,Discs
LAMBORGHINI,Aventador LP 700-4,6.5L V12 7AT (690 HP),2011,2016.0,6498,12,PETROL,691.0,515.0,690.0,Naturally Aspirated,Mid-Engine,SEMI_AUTOMATIC,7.0,AWD,2.9,349,217.0,14.0,16.8,26.1,11.2,,,4780.0,2029.0,1135.0,2700.0,1575.0,,255/35 Zr19 – 335/30 Zr20,400 X 38 Mm Ventilated Discs,380 X 38 Mm Ventilated Discs
LAMBORGHINI,Aventador LP 700-4 Roadster,6.5L V12 (700 HP),2012,,6498,12,PETROL,691.0,515.0,690.0,Naturally Aspirated,Mid-Engine,AMT,7.0,AWD,3.0,349,217.0,14.7,16.0,24.8,10.7,,,4780.0,2029.0,1135.0,2700.0,1625.0,150.0,"Front:255/35 Zr19, Rear: 335/30 Zr20",4-Cylinder Brake Callipers 400 X 38 Mm,4-Cylinder Brake Callipers 380 X 38 Mm
LAMBORGHINI,Aventador LP750-4 SV,6.5L V12 7AT (750 HP),2015,2017.0,6498,12,PETROL,740.0,552.0,690.0,Naturally Aspirated,Mid-Engine,AUTOMATIC,7.0,AWD,2.8,349,217.0,14.7,16.0,24.8,10.7,90.0,,4836.0,2029.0,1135.0,2700.0,1525.0,150.0,255/30 Zr20 || 355/25 Zr21,Ventilated Discs,Ventilated Discs
LAMBORGHINI,Aventador LP750-4 SV Roadster,6.5L V12 7AT AWD (750 HP),2015,2017.0,6498,12,PETROL,740.0,551.6,690.0,Naturally Aspirated,Mid-Engine,AUTOMATIC,7.0,AWD,2.9,349,217.0,12.8,18.4,24.8,10.7,90.0,,4836.0,2029.0,1135.0,2700.0,1575.0,150.0,,Ventilated Discs,Ventilated Discs
LAMBORGHINI,Aventador S,6.5L V12 7AT AWD (740 HP),2017,,6498,12,PETROL,730.0,544.3,690.0,Naturally Aspirated,Mid-Engine,AUTOMATIC,7.0,AWD,2.9,349,217.0,13.9,16.9,26.1,11.6,,,4798.0,2029.0,1135.0,2700.0,1575.0,,255/30 Zr20 || 355/25 Zr21,Ventilated Discs,Ventilated Discs
LAMBORGHINI,Aventador S Roadster,6.5 V12 7AT (740 HP),2017,,6498,12,PETROL,730.0,544.3,690.0,Naturally Aspirated,Mid-Engine,AUTOMATIC,7.0,AWD,3.0,349,217.0,,,,,,,4798.0,2029.0,1135.0,2700.0,1625.0,,255/30 Zr20 // 355/25 Zr21,Ventilated Discs,Ventilated Discs
LAMBORGHINI,Aventador SVJ,6.5L V12 7AT AWD (770 HP),2018,,6498,12,PETROL,759.0,566.3,720.0,Naturally Aspirated,Mid-Engine,AUTOMATIC,7.0,AWD,2.8,349,217.0,12.0,19.6,30.9,13.0,,,4943.0,2273.0,1135.0,2700.0,1525.0,,255/30 Zr20 // 355/25 Zr21,Ventilated Discs,Ventilated Discs
LAMBORGHINI,Aventador SVJ Roadster,6.5L V12 9AT AWD (770 HP),2019,,6499,12,PETROL,759.0,566.3,720.0,Naturally Aspirated,Mid-Engine,AUTOMATIC,9.0,AWD,2.9,349,217.0,,,,,,492.0,,,,2697.0,1525.0,,,Ventilated Discs,Discs
LAMBORGHINI,Centenario,6.5L V12 7AT AWD (770 HP),2016,2017.0,6498,12,PETROL,759.0,566.3,690.0,Naturally Aspirated,Mid-Engine,AUTOMATIC,7.0,AWD,2.8,349,217.0,14.7,16.0,24.8,10.7,,,4925.0,2062.0,1143.0,2700.0,1600.0,,255/30 Zr20 // 355/25 Zr21,Ventilated Discs,Ventilated Discs
LAMBORGHINI,Centenario Roadster,6.5L V12 7AT AWD (770 HP),2016,,6498,12,PETROL,759.0,566.3,690.0,Naturally Aspirated,Mid-Engine,AUTOMATIC,7.0,AWD,2.9,349,217.0,14.7,16.0,24.8,10.7,,,4925.0,2060.0,1158.0,2700.0,,,255/30 Zr20 // 355/25 Zr21,Ventilated Discs,Ventilated Discs
LAMBORGHINI,Countach 25th Anniversary,5.2L V12 5MT (455 HP),1989,1990.0,5167,12,PETROL,449.0,335.0,500.0,Naturally Aspirated,Mid-Engine,MANUAL,5.0,RWD,5.0,306,190.0,14.4,16.3,22.2,14.3,,,4140.0,1999.0,1069.0,2451.0,1490.0,320.0,225/50 Vr15 || 345/35 Vr15,Ventilated Discs,Ventilated Discs
LAMBORGHINI,Countach 5000 Quattro Valvole,5.2 V12 5MT (455 HP),1985,1989.0,5167,12,PETROL,449.0,334.7,500.0,Naturally Aspirated,Mid-Engine,MANUAL,5.0,RWD,5.0,298,185.0,14.4,16.3,22.2,14.3,,,4140.0,1999.0,1069.0,2451.0,1490.0,241.0,225/50 Vr15 || 345/35 Vr15,Ventilated Discs,Ventilated Discs
LAMBORGHINI,Countach LP 400,3.9L V12 5MT (375 HP),1973,1981.0,3929,12,PETROL,370.0,276.0,365.0,Naturally Aspirated,Mid-Engine,MANUAL,5.0,RWD,5.4,299,186.0,21.4,11.0,,,,,4140.0,1890.0,1069.0,2451.0,1300.0,,205/70 Vr14 || 215/70 Zr14,Ventilated Discs,Ventilated Discs
LAMBORGHINI,Diablo,5.7 V12 5MT (492 HP),1990,1999.0,5707,12,PETROL,485.0,362.0,580.0,Naturally Aspirated,Mid-Engine,MANUAL,5.0,RWD,4.1,325,202.0,9.4,25.0,37.9,17.3,,,4458.0,2040.0,1105.0,2670.0,1576.0,139.0,245/40 Zr17 || 335/35 Zr17,Ventilated Discs,Ventilated Discs
LAMBORGHINI,Diablo Roadster,5.7 V12 5MT (492 HP),1996,1999.0,5707,12,PETROL,485.0,362.0,580.0,Naturally Aspirated,Mid-Engine,MANUAL,5.0,RWD,4.0,332,206.0,11.0,21.4,26.1,16.8,,,4458.0,2040.0,1105.0,2670.0,1625.0,139.0,235/35 Zr17 || 335/30 Zr18,Ventilated Discs,Ventilated Discs
LAMBORGHINI,Diablo Roadster,5.7L V12 5MT (530 HP),1999,2000.0,5707,12,PETROL,523.0,390.0,605.0,Naturally Aspirated,Mid-Engine,MANUAL,5.0,RWD,3.9,335,208.0,9.4,25.0,37.9,17.3,,,4458.0,2040.0,1105.0,2670.0,1625.0,139.0,235/35 Zr17 - 335/30 Zr18,Ventilated Discs,Ventilated Discs
LAMBORGHINI,Diablo SE 30,5.7L V12 5MT (530 HP),1994,1995.0,5707,12,PETROL,523.0,390.0,580.0,Naturally Aspirated,Mid-Engine,MANUAL,5.0,RWD,4.0,338,210.0,19.1,12.3,,,,,4458.0,2040.0,1105.0,2670.0,1447.0,139.0,235/40 Zr17 || 335/30 Zr18,Ventilated Discs,Ventilated Discs
LAMBORGHINI,"Diablo SE 30 ""Jota""",5.7 V12,1995,,5707,12,PETROL,597.0,445.0,,Naturally Aspirated,Mid-Engine,MANUAL,5.0,RWD,3.9,340,211.0,,,,,,,4458.0,2040.0,1105.0,2670.0,1450.0,,235/40 Zr17 - 335/30 Zr18,Ventilated Discs,Ventilated Discs
LAMBORGHINI,Diablo SV,5.7L V12 5MT (530 HP),1996,1999.0,5707,12,PETROL,523.0,389.8,605.0,Naturally Aspirated,Mid-Engine,MANUAL,5.0,RWD,3.8,320,199.0,9.4,25.0,37.9,17.0,,,4458.0,2040.0,1105.0,2670.0,1530.0,139.0,235/40 Zr17 || 335/30 Zr18,Ventilated Discs,Ventilated Discs
LAMBORGHINI,Diablo VT,5.7L V12 5MT (530 HP),1993,1999.0,5707,12,PETROL,523.0,390.0,605.0,Naturally Aspirated,Mid-Engine,MANUAL,5.0,AWD,4.0,335,208.0,9.4,25.0,37.9,17.3,,,4458.0,2040.0,1105.0,2670.0,1625.0,139.0,245/40 Zr17 || 335/35 Zr17,Ventilated Discs,Ventilated Discs
LAMBORGHINI,Diablo VT 6.0,6.0 V12,2000,2001.0,5992,12,PETROL,543.0,405.0,620.0,Naturally Aspirated,Mid-Engine,MANUAL,5.0,AWD,3.9,330,205.0,9.4,25.0,37.9,17.3,,,4470.0,2040.0,1105.0,2649.0,1625.0,,235/40 Zr17 (Front) - 335/30 Zr18 (Rear),Ventilated Discs,Ventilated Discs
LAMBORGHINI,Espada,3.9L V12 S1 5MT RWD (325 HP),1968,1976.0,3929,12,PETROL,321.0,239.0,374.0,Naturally Aspirated,Front-Engine,MANUAL,5.0,RWD,,241,150.0,,,,,,,4674.0,1821.0,1191.0,2649.0,1480.0,,205 X 15,Ventilated Discs,Ventilated Discs
LAMBORGHINI,Espada,3.9L V12 S2 5MT RWD (350 HP),1968,1976.0,3929,12,PETROL,346.0,258.0,400.0,Naturally Aspirated,Front-Engine,MANUAL,5.0,RWD,7.6,249,155.0,,,,,,,4674.0,1821.0,1191.0,2649.0,1700.0,,,Ventilated Discs,Ventilated Discs
LAMBORGHINI,Gallardo,5.0L V10 6MT AWD (500 HP),2003,2008.0,4961,10,PETROL,492.0,367.0,510.0,Naturally Aspirated,Mid-Engine,MANUAL,6.0,AWD,4.2,309,192.0,12.6,18.7,24.8,12.4,90.0,,4300.0,1900.0,1166.0,2560.0,1430.0,110.0,235/35 Zr19 // 295/30 Zr19,Ventilated Discs,Ventilated Discs
LAMBORGHINI,Gallardo,5.0L V10 6MT AWD (520 HP),2003,2008.0,4961,10,PETROL,512.0,382.0,510.0,Naturally Aspirated,Mid-Engine,MANUAL,6.0,AWD,4.0,315,196.0,12.6,18.7,24.8,12.4,90.0,,4300.0,1900.0,1166.0,2560.0,1430.0,110.0,235/35 Zr19 // 295/30 Zr19,Ventilated Discs,Ventilated Discs
LAMBORGHINI,Gallardo 560-4 Spyder,5.2L V10 6AT (560 HP),2008,2013.0,5204,10,PETROL,560.0,417.6,540.0,Naturally Aspirated,Mid-Engine,AUTOMATIC,6.0,AWD,4.0,323,201.0,17.0,13.8,20.8,9.7,79.0,,4343.0,1900.0,1184.0,2558.0,1550.0,110.0,235/35 Zr19 // 295/30 Zr19,Ventilated Discs,Ventilated Discs
LAMBORGHINI,Gallardo 560-4 Spyder,5.2L V10 6MT (560 HP),2008,2013.0,5204,10,PETROL,560.0,417.6,540.0,Naturally Aspirated,Mid-Engine,MANUAL,6.0,AWD,4.0,323,201.0,15.8,14.9,22.6,10.3,79.0,,4343.0,1900.0,1184.0,2558.0,1550.0,110.0,235/35 Zr19 // 295/30 Zr19,Ventilated Discs,Ventilated Discs
LAMBORGHINI,Gallardo LP 550-2 Spyder,5.2 V10 (550 HP),2012,2013.0,5204,10,PETROL,543.0,405.0,540.0,Naturally Aspirated,Mid-Engine,AUTOMATIC,6.0,RWD,4.2,319,198.0,17.7,13.3,20.8,9.7,,,4346.0,1900.0,1184.0,2560.0,1520.0,,Front: 235/35 Zr 19; Rear: 295/30 Zr 19,Ventilated Discs,Ventilated Discs
LAMBORGHINI,Gallardo LP 550-2 Valentino Balboni,5.2 V10 6AT (550 HP),2009,2013.0,5204,10,PETROL,550.0,410.0,540.0,Naturally Aspirated,Mid-Engine,MANUAL,6.0,RWD,3.9,320,199.0,17.7,13.3,20.1,9.2,,,4346.0,1900.0,1166.0,2560.0,1380.0,110.0,235/35 Zr 19 || 295/30 Zr 19,Ventilated Discs,Ventilated Discs
LAMBORGHINI,Gallardo LP 550-2 Valentino Balboni,5.2 V10 6MT (550 HP),2009,2013.0,5204,10,PETROL,550.0,410.0,540.0,Naturally Aspirated,Mid-Engine,MANUAL,6.0,RWD,3.9,320,199.0,15.0,15.7,19.6,11.8,,,4346.0,1900.0,1166.0,2560.0,1380.0,110.0,235/35 Zr 19 || 295/30 Zr 19,Ventilated Discs,Ventilated Discs
LAMBORGHINI,Gallardo LP 560-4,5.2 V10 (560 HP),2012,2013.0,5204,10,PETROL,553.0,412.0,540.0,Naturally Aspirated,Mid-Engine,AMT,6.0,AWD,3.7,325,202.0,16.8,14.0,21.0,10.0,,,4326.0,1900.0,1166.0,2560.0,1500.0,110.0,235/35 Zr 19 – 295/30 Zr 19,8 Cylinder Front Callipers,4 Cylinderrear Callipers
LAMBORGHINI,Gallardo LP 560-4,5.2L V10 6MT AWD (552 HP),2008,2012.0,5204,10,PETROL,544.0,406.0,540.0,Naturally Aspirated,Mid-Engine,MANUAL,6.0,AWD,3.7,325,202.0,16.0,14.7,22.2,10.0,90.0,,4346.0,1900.0,1166.0,2560.0,1500.0,110.0,235/35 Zr 19 // 295/30 Zr 19,Ventilated Discs,Ventilated Discs
LAMBORGHINI,Gallardo LP 570-4 Edizione Tecnica,5.2 V10 (570 HP),2012,2013.0,5204,10,PETROL,562.0,419.0,540.0,Naturally Aspirated,Mid-Engine,AUTOMATIC,6.0,AWD,3.4,325,202.0,17.4,13.5,20.5,9.4,,,4387.0,1900.0,1166.0,2560.0,1340.0,,Front: 235/35 Zr 19; Rear:295/30 Zr 19,Ventilated Discs - Ceramic,Solid Discs - Ceramic
LAMBORGHINI,Gallardo LP 570-4 Super Trofeo Stradale,5.2 V10 (570 HP),2011,,5204,10,PETROL,562.0,419.0,540.0,Naturally Aspirated,Mid-Engine,AUTOMATIC,6.0,AWD,3.4,320,199.0,17.4,13.5,20.5,9.4,,,4387.0,1900.0,1166.0,2560.0,1340.0,,235/35 Zr 19 – 295/30 Zr  19,,
LAMBORGHINI,Gallardo LP 570-4 Superleggera,5.2 V10 (570 HP),2010,2013.0,5204,10,PETROL,562.0,419.0,540.0,Naturally Aspirated,Mid-Engine,AUTOMATIC,6.0,AWD,3.4,325,202.0,17.4,13.5,20.5,9.4,,,4387.0,1900.0,1166.0,2560.0,1340.0,,,,
LAMBORGHINI,Gallardo SE,5.0L V10 6MT AWD (520 HP),2005,2006.0,4961,10,PETROL,512.0,382.0,510.0,Naturally Aspirated,Mid-Engine,MANUAL,6.0,AWD,4.0,315,196.0,12.6,18.7,24.8,12.4,,,4300.0,1900.0,1166.0,2560.0,1430.0,110.0,235/35 Zr19 ///295/30 Zr19,Ventilated Discs,Ventilated Discs
LAMBORGHINI,Gallardo Spyder,5.0L V10 6MT AWD (520 HP),2006,2008.0,4961,10,PETROL,520.0,388.0,510.0,Naturally Aspirated,Mid-Engine,MANUAL,6.0,AWD,4.0,314,195.0,13.8,17.0,24.8,12.4,,,4300.0,1900.0,1184.0,2560.0,1570.0,110.0,235/35 Zr19 // 295/30 Zr19,Ventilated Discs,Ventilated Discs
LAMBORGHINI,Gallardo Superleggera,5.0 V10 (530 HP),2007,2008.0,4961,10,PETROL,523.0,390.0,510.0,Naturally Aspirated,Mid-Engine,AUTOMATIC,6.0,AWD,3.8,315,196.0,12.6,18.7,24.8,12.4,,,4300.0,1900.0,1166.0,2560.0,1330.0,,235/35 Zr19 (Front) - 295/30 Zr19 (Rear),Ventilated Discs,Ventilated Discs
LAMBORGHINI,Huracan LP 580-2 Spyder,5.2L V10 7AT RWD (580 HP),2016,,5204,10,PETROL,572.0,426.6,540.0,Naturally Aspirated,Mid-Engine,AUTOMATIC,7.0,RWD,3.6,319,198.0,19.4,12.1,17.6,9.1,,,4460.0,193.0,1181.0,2619.0,1509.0,99.0,245/35 R19 || 305/35 R19,Ventilated Discs,Ventilated Discs
LAMBORGHINI,Islero,3.9L V12 5MT (325 HP),1968,1969.0,3929,12,PETROL,321.0,239.0,375.0,Naturally Aspirated,Front-Engine,MANUAL,5.0,RWD,6.5,248,154.0,,,,,79.0,,4524.0,1730.0,1270.0,2548.0,1268.0,,,Discs,Discs
LAMBORGHINI,Islero,3.9L V12 S 5MT (351 HP),1968,1969.0,3929,12,PETROL,346.0,258.0,400.0,Naturally Aspirated,Front-Engine,MANUAL,5.0,RWD,6.2,261,162.0,,,,,79.0,,4524.0,1730.0,1270.0,2548.0,1375.0,,,Ventilated Discs,Ventilated Discs
LAMBORGHINI,Jalpa 350S,3.5 V8,1981,1988.0,3485,8,PETROL,255.0,190.0,320.0,Naturally Aspirated,Mid-Engine,MANUAL,5.0,RWD,7.0,250,,,,,,,,4331.0,1880.0,1143.0,2451.0,1509.0,,205/55 Vr16 - 225/50 Vr16 (Front/Rear),Ventilated Discs,Ventilated Discs
LAMBORGHINI,Jarama,400 V12 5MT RWD (351 HP),1970,1976.0,3929,12,PETROL,346.0,258.0,400.0,Naturally Aspirated,Front-Engine,MANUAL,5.0,RWD,7.2,261,162.0,,,,,,,4483.0,1819.0,1189.0,2375.0,1340.0,,215/70 Vr15,Discs,Discs
LAMBORGHINI,Jarama,400L GTS V12 5MT (365 HP),1970,1976.0,3929,12,PETROL,360.0,268.5,410.0,Naturally Aspirated,Front-Engine,MANUAL,5.0,RWD,6.8,266,165.0,,,,,,,4483.0,1819.0,1189.0,2375.0,1342.0,,215/70 Vr15,Ventilated Discs,Discs
LAMBORGHINI,Jarama Rallye,4.0 V12,1972,,3929,12,PETROL,,,,Naturally Aspirated,Front-Engine,MANUAL,5.0,RWD,5.2,274,170.0,,,,,,,4483.0,1819.0,1189.0,2375.0,1170.0,,215/70 Vr15,Ventilated Discs,Ventilated Discs
LAMBORGHINI,LAMBORGHINI Huracan LP 610-4,5.2 V10 7AT (610 HP),2014,,5204,10,PETROL,602.0,449.0,560.0,Naturally Aspirated,Mid-Engine,DCT,7.0,AWD,3.2,325,202.0,18.8,12.5,17.8,9.4,,,4460.0,1923.0,1166.0,2619.0,1422.0,,245/30 R20 || 305/30 R20,Carbon Ceramic Ventilated Discs,Carbon Ceramic Ventilated Discs
LAMBORGHINI,LM 002,5.2L V12 5MT (450 HP,1986,1993.0,5167,12,PETROL,444.0,331.0,500.0,Naturally Aspirated,Front-Engine,MANUAL,5.0,AWD,7.7,211,131.0,,,,,,,4900.0,1999.0,1849.0,3000.0,2700.0,,325/65  Vr17,Ventilated Discs,Ventilated Discs
LAMBORGHINI,LP780-4 Ultimae,6.5L V12 7AT AWD (780 HP),2022,,6498,12,PETROL,770.0,574.0,720.0,Naturally Aspirated,Mid-Engine,AUTOMATIC,7.0,AWD,2.8,356,221.0,,,,,85.0,,4869.0,2098.0,1135.0,2700.0,1550.0,139.0,255/30 Zr20 // 355/25 Zr21,Ventilated Discs,Ventilated Discs
LAMBORGHINI,LP780-4 Ultimae Roadster,6.5L V12 7AT AWD (780 HP),2022,,6498,12,PETROL,769.0,573.7,720.0,Naturally Aspirated,Mid-Engine,AUTOMATIC,7.0,AWD,2.9,356,221.0,,,,,85.0,,4869.0,2098.0,1135.0,2700.0,1600.0,139.0,255/30 Zr20 // 355/25 Zr21,Ventilated Discs,Ventilated Discs
LAMBORGHINI,Lamborghini Gallardo LP 579-4 Spyder Performante,5.2 V10 6AT (570 HP),2010,,5204,10,PETROL,562.0,419.0,540.0,Naturally Aspirated,Mid-Engine,AUTOMATIC,6.0,AWD,3.9,323,201.0,17.3,13.6,20.5,9.6,,,4387.0,1900.0,1184.0,2560.0,1485.0,,235/35  R19 || 295/30 R19,Ventilated Discs,Ventilated Discs
LAMBORGHINI,Lamborghini Gallardo LP570-4 Squadra Corse,5.2L V10 6AT AWD (570 HP),2013,,5204,10,,562.0,419.2,540.0,Naturally Aspirated,Mid-Engine,AUTOMATIC,6.0,AWD,3.9,323,201.0,,,,,,,4387.0,1900.0,1184.0,2560.0,,,235/35 Z R19 // 295/30 Z R19,Ventilated Discs,Ventilated Discs
LAMBORGHINI,Lamborghini Huracan 580-2,5.2L V10 7AT RWD (580 HP),2016,,5204,10,PETROL,572.0,426.6,540.0,Naturally Aspirated,Mid-Engine,AUTOMATIC,7.0,RWD,3.6,319,198.0,19.4,12.1,17.6,9.1,,,4460.0,1923.0,1181.0,2619.0,1509.0,,245/35 R19 || 305/35 R19,Ventilated Discs,Ventilated Discs
LAMBORGHINI,Lamborghini Huracan EVO RWD,5.2L V10 7AT (610 HP),2019,,5204,10,PETROL,602.0,448.7,560.0,Naturally Aspirated,Mid-Engine,AUTOMATIC,7.0,RWD,3.3,325,202.0,,,,,,,4521.0,1933.0,1166.0,2619.0,1398.0,,245/35 Zr19 // 305/35 Zr19,Ventilated Discs,Ventilated Discs
LAMBORGHINI,Lamborghini Huracan Evo,5.2L V10 7AT AWD (640 HP),2019,,5204,10,PETROL,631.0,470.7,600.0,Naturally Aspirated,Mid-Engine,DCT,7.0,AWD,2.9,325,202.0,,,,,,,4521.0,2235.0,1166.0,2619.0,1422.0,,245/30 R20 // 305/30 R20,Ventilated Discs,Ventilated Discs
LAMBORGHINI,Lamborghini Huracan Evo Epyder,5.2L V10 7AT AWD (640 HP),2019,,5204,10,PETROL,631.0,470.7,600.0,Naturally Aspirated,Mid-Engine,AUTOMATIC,7.0,AWD,3.1,325,202.0,,,,,,,4521.0,1933.0,1181.0,2619.0,1542.0,99.0,245/30 R20 // 305/30 R20,Ventilated Discs,Ventilated Discs
LAMBORGHINI,Lamborghini Huracan LP610-4 Spyder,5.2L V10 7AT AWD (610 HP),2015,,5204,10,PETROL,602.0,448.7,560.0,Naturally Aspirated,Mid-Engine,AUTOMATIC,7.0,AWD,3.4,323,201.0,17.0,13.8,17.6,9.2,,,4460.0,1923.0,1181.0,2619.0,1542.0,99.0,,Ventilated Discs,Ventilated Discs
LAMBORGHINI,Lamborghini Huracan Performante,5.2L V10 7AT AWD (640 HP),2017,,5204,10,PETROL,631.0,470.7,600.0,Naturally Aspirated,Mid-Engine,DCT,7.0,AWD,2.9,325,202.0,17.2,13.7,19.6,10.3,,,4506.0,1923.0,1166.0,2619.0,1382.0,99.0,245/30 R20 || 305/30 R20,Ventilated Discs,Ventilated Discs
LAMBORGHINI,Lamborghini Huracan Performante Spyder,5.2L V10 7AT (640 HP),2018,,5204,10,PETROL,631.0,470.7,600.0,Naturally Aspirated,Mid-Engine,DCT,7.0,AWD,3.1,325,202.0,,,,,,,4506.0,1923.0,1166.0,2619.0,1507.0,99.0,245/30 R20 || 305/30 R20,Ventilated Discs,Ventilated Discs
LAMBORGHINI,Lamborghini Huracan STO,5.2L V10 7AT (640 HP),2021,,5204,10,PETROL,631.0,470.7,565.0,Naturally Aspirated,Mid-Engine,AUTOMATIC,7.0,RWD,3.0,311,193.0,,,,,79.0,,4549.0,1946.0,1219.0,2619.0,1339.0,37.0,,,
LAMBORGHINI,Lamborghini Huracan Tecnica,5.2L  V10 7AT RWD (640 HP),2023,,5204,10,PETROL,631.0,470.7,565.0,Naturally Aspirated,Mid-Engine,AUTOMATIC,7.0,RWD,3.2,325,202.0,,,,,79.0,,4567.0,1933.0,1166.0,2619.0,1379.0,99.0,245/30 R20 // 305/30 R20,Ventilated Discs,Ventilated Discs
LAMBORGHINI,Lamborghini Murcielago LP 670-4 SV,6.5 V12 6MT (670 HP),2009,,6496,12,PETROL,661.0,493.0,660.0,Naturally Aspirated,Mid-Engine,MANUAL,6.0,AWD,3.2,341,212.0,11.0,21.4,26.1,16.8,,,4704.0,2057.0,1135.0,2664.0,1665.0,139.0,245/35 Zr 18 || 335/30 Zr 18,Ventilated Discs,Ventilated Discs
LAMBORGHINI,Lamborghini Revuelto,6.5L V12 8AT AWD (1015 HP),2024,,6498,12,PLUG_IN_HYBRID,814.0,606.8,,Naturally Aspirated,Mid-Engine,DCT,8.0,AWD,2.5,349,217.0,,,,,,,4948.0,2032.0,1161.0,2779.0,1772.0,,265/ 35 Zr20 // 345/30 Zr21,Ventilated Discs,Ventilated Discs
LAMBORGHINI,Lamborghini Temerario,4.0L V8 8AT AWD (800 HP),2025,,3995,8,PLUG_IN_HYBRID,789.0,588.4,730.0,Twin-Turbocharged,Mid-Engine,AUTOMATIC,8.0,AWD,2.7,343,213.0,,,,,,,4707.0,2245.0,1201.0,2657.0,1690.0,,255/35 Zr20 // 325/30 Zr21,Ventilated Discs,Ventilated Discs
LAMBORGHINI,Lamborghini Urus S,4.0L V8 8AT AWD (666 HP),2023,,3996,8,PETROL,657.0,489.8,850.0,Twin-Turbocharged,Front-Engine,AUTOMATIC,8.0,AWD,3.5,306,190.0,16.7,14.1,,,85.0,,5113.0,2017.0,1638.0,3002.0,2197.0,617.0,285/45 Zr21 // 315/40 Zr21,Ventilated Discs,Ventilated Discs
LAMBORGHINI,Lamborgini Huracan Sterrato,5.2L V10 7AT RWD (610 HP),2023,,5204,10,PETROL,602.0,448.7,565.0,Naturally Aspirated,Mid-Engine,DCT,7.0,RWD,3.4,261,162.0,,,,,79.0,,4524.0,1956.0,1247.0,2629.0,1470.0,99.0,235/40 R19 // 285/40 R19,Ventilated Discs,Ventilated Discs
LAMBORGHINI,Miura,P400 S V12 5MT RWD (370 HP),1966,1973.0,3929,12,PETROL,365.0,272.0,388.0,Naturally Aspirated,Mid-Engine,MANUAL,5.0,RWD,4.8,282,175.0,,,,,,,4361.0,1760.0,1067.0,2499.0,1298.0,,,Ventilated Discs,Ventilated Discs
LAMBORGHINI,Miura,P400 SV V12 5MT RWD (385 HP),1966,1973.0,3929,12,PETROL,380.0,283.0,400.0,Naturally Aspirated,Mid-Engine,MANUAL,5.0,RWD,4.5,290,180.0,,,,,,,4361.0,1760.0,1067.0,2499.0,1293.0,,,Ventilated Discs,Ventilated Discs
LAMBORGHINI,Miura,P400 V12 5MT RWD (350 HP),1966,1973.0,3929,12,PETROL,346.0,258.0,367.0,Naturally Aspirated,Mid-Engine,MANUAL,5.0,RWD,6.1,259,161.0,,,,,,,4361.0,1760.0,1067.0,2499.0,1293.0,,,Ventilated Discs,Ventilated Discs
LAMBORGHINI,Miura Roadster,P400 V12 5MT (350 HP),1968,,3929,12,PETROL,346.0,258.0,367.0,Naturally Aspirated,Mid-Engine,MANUAL,5.0,RWD,6.1,259,161.0,,,,,,,4361.0,1760.0,1067.0,2499.0,,,,Ventilated Discs,Ventilated Discs
LAMBORGHINI,Miura SV/J,3.9L V12 5MT (415 HP),1971,1987.0,3929,12,PETROL,409.0,305.0,420.0,Naturally Aspirated,Mid-Engine,MANUAL,5.0,RWD,4.2,290,180.0,,,,,,,4361.0,1760.0,1067.0,2499.0,,,,Ventilated Discs,Ventilated Discs
LAMBORGHINI,Murcielago,6.2L V12 6MT AWD (580 HP),2001,2006.0,6192,12,PETROL,571.0,426.0,650.0,Naturally Aspirated,Mid-Engine,MANUAL,6.0,AWD,3.8,330,205.0,10.7,22.0,18.1,26.1,,,4580.0,2045.0,1135.0,2664.0,1650.0,139.0,245/35 Zr18 // 335/30 Zr18,Ventilated Discs,Ventilated Discs
LAMBORGHINI,Murcielago LP 640,6.5L V12 6MT AWD (640 HP),2006,2010.0,6496,12,PETROL,632.0,471.0,660.0,Naturally Aspirated,Mid-Engine,MANUAL,6.0,AWD,3.4,330,205.0,10.7,22.0,18.1,26.1,,,4580.0,2045.0,1135.0,2664.0,1650.0,139.0,245/35 Zr18 (Front) - 335/30 Zr18 (Rear),Ventilated Discs,Ventilated Discs
LAMBORGHINI,Murcielago LP 640 Roadster,6.5 V12,2007,2010.0,6496,12,PETROL,632.0,471.0,660.0,Naturally Aspirated,Mid-Engine,MANUAL,6.0,AWD,3.4,330,205.0,10.9,21.6,32.7,15.1,,,4580.0,2045.0,1064.0,2664.0,1690.0,139.0,245/35 Zr18 (Front) - 335/30 Zr 18 (Rear),Ventilated Discs,Ventilated Discs
LAMBORGHINI,Murcielago Roadster,6.2 V12,2004,2007.0,6192,12,PETROL,571.0,426.0,650.0,Naturally Aspirated,Mid-Engine,MANUAL,6.0,RWD,3.8,320,199.0,10.9,21.6,32.7,15.1,,,4580.0,2045.0,1064.0,2664.0,1665.0,139.0,245/35 Zr18 (Front) - 335/30 Zr 18 (Rear),Ventilated Discs,Ventilated Discs
LAMBORGHINI,Reventon,6.5L V12 6MT (650 HP),2008,2009.0,6496,12,PETROL,641.0,478.0,660.0,Naturally Aspirated,Mid-Engine,MANUAL,6.0,AWD,3.4,340,,11.0,21.4,32.2,15.0,99.0,,4700.0,2058.0,1135.0,2665.0,1665.0,99.0,245/35 Zr 18 || 335/30 Zr 18,Vented Discs,Vented Discs
LAMBORGHINI,Sian,6.5L V12 7AT AWD (819 HP),2019,,6498,12,PETROL,808.0,602.4,,Naturally Aspirated,Mid-Engine,AUTOMATIC,7.0,AWD,2.8,349,217.0,,,,,,447.0,4981.0,2101.0,1133.0,2700.0,1780.0,,255/30 Zr20 // 355/25 Zr21,Ventilated Discs,Ventilated Discs
LAMBORGHINI,Sian Roadster,6.5L V12 7AT (819 HP),2020,,6498,12,PETROL,774.0,577.4,,Naturally Aspirated,Mid-Engine,AUTOMATIC,7.0,AWD,2.9,349,217.0,,,,,,,,,,,,,255/30 Zr20 // 355/25 Zr21,Ventilated Discs,Ventilated Discs
LAMBORGHINI,Silhouette P300,3.0 V8,1976,1979.0,2996,8,PETROL,256.0,191.0,275.0,Naturally Aspirated,Mid-Engine,MANUAL,5.0,RWD,6.8,254,158.0,,,,,,,4321.0,1880.0,1120.0,2451.0,1300.0,,195/60 Vr15 (Front) - 285/40 Vr15 (Rear),Ventilated Discs,Ventilated Discs
LAMBORGHINI,Urraco,P200 V8 5MT (182 HP),1972,1979.0,1994,8,PETROL,180.0,134.0,176.0,Naturally Aspirated,Mid-Engine,MANUAL,5.0,RWD,,204,127.0,,,,,79.0,,4280.0,1760.0,1110.0,2451.0,1250.0,,195/70 Vr14 (Front) - 205/70 Vr14 (Rear),Ventilated Discs,Ventilated Discs
LAMBORGHINI,Urraco,P250 V8 5MT (220 HP),1972,1979.0,2463,8,PETROL,217.0,162.0,225.0,Naturally Aspirated,Mid-Engine,MANUAL,5.0,RWD,8.4,230,143.0,,,,,79.0,,4280.0,1760.0,1110.0,2451.0,1100.0,,195/70 Vr14 (Front) - 205/70 Vr14 (Break),Ventilated Discs,Ventilated Discs
LAMBORGHINI,Urraco,P300 V8 5MT (265 HP),1972,1979.0,2997,8,PETROL,261.0,195.0,274.0,Naturally Aspirated,Mid-Engine,MANUAL,5.0,RWD,6.2,248,154.0,,,,,79.0,,4280.0,1760.0,1110.0,2451.0,1300.0,,195/70 Vr14 (Front) - 205/70 Vr14 (Rear),Ventilated Discs,Ventilated Discs
LAMBORGHINI,Urus,4.0L V8 8AT AWD (650 HP),2018,,3996,8,PETROL,641.0,478.1,850.0,Twin-Turbocharged,Front-Engine,AUTOMATIC,8.0,AWD,3.6,306,190.0,18.5,12.7,,,85.0,,5113.0,2017.0,1638.0,3002.0,2200.0,617.0,285/45 Zr21 || 315/40 Zr21,Ventilated Discs,Ventilated Discs
LAMBORGHINI,Urus Performante,4.0L V8 8AT 4WD (666 HP),2022,,3996,8,PETROL,657.0,489.8,850.0,Twin-Turbocharged,Front-Engine,AUTOMATIC,8.0,AWD,3.3,306,190.0,,,,,85.0,,5136.0,2027.0,1618.0,3005.0,2150.0,617.0,285/40 Zr22 // 325/35 Zr22,Ventilated Discs,Ventilated Discs
LAMBORGHINI,Veneno,6.5L V12 (750 HP),2013,2014.0,6498,12,PETROL,740.0,552.0,690.0,Naturally Aspirated,Mid-Engine,SEMI_AUTOMATIC,7.0,AWD,2.8,356,221.0,14.7,16.0,24.8,10.7,90.0,,5019.0,2075.0,1166.0,2700.0,1490.0,,255/30 Zr20 // 355/25 Zr21,Ventilated Discs,Ventilated Discs
LAMBORGHINI,Veneno Roadster,6.5 V12 (750 HP),2014,,6498,12,PETROL,740.0,552.0,,Naturally Aspirated,Mid-Engine,SEMI_AUTOMATIC,7.0,AWD,2.9,356,221.0,,,,,,,,,,,1490.0,,R20,,
