car_id,model,year,engine_type,horsepower,torque_Nm,top_speed_kmph,acceleration_0_100_sec,price_usd
1,Gallardo,2004,V10,937,521,318,2.36,783542
2,Murciélago,2024,V12,734,603,353,2.88,422684
3,Countach,2001,V12,652,588,327,3.33,262204
4,Urus,2021,V8,992,680,326,2.75,489866
5,Diablo,2011,V12,765,842,333,2.4,652011
6,Murciélago,2010,V12,948,653,327,3.08,503188
7,Revuelto,2002,V12 Hybrid,962,785,301,2.96,365331
8,Countach,2009,V12,664,654,346,2.31,426426
9,Murciélago,2018,V12,734,825,331,2.46,239520
10,Diablo,2002,V12,820,656,335,2.81,700667
11,Murciélago,2012,V12,788,641,313,3.28,770455
12,Aventador,2007,V12,984,727,303,3.36,352547
13,Countach,2000,V12,885,843,309,2.61,399672
14,Aventador,2019,V12,814,596,339,2.5,659554
15,Murciélago,2011,V12,685,543,319,2.54,487410
16,Gallardo,2004,V10,679,583,310,2.86,720588
17,Revuelto,2017,V12 Hybrid,740,571,341,3.36,486048
18,Murciélago,2014,V12,823,823,303,3.03,739899
19,Gallardo,2007,V10,615,621,358,3.48,220074
20,Diablo,2023,V12,511,500,304,2.96,654784
21,Diablo,2011,V12,929,657,302,3.21,680474
22,Revuelto,2010,V12 Hybrid,511,824,316,3.14,689827
23,Countach,2000,V12,766,653,353,2.68,371314
24,Murciélago,2022,V12,627,661,314,2.58,604302
25,Diablo,2012,V12,965,589,338,2.75,285555
26,Diablo,2007,V12,904,797,310,2.45,572469
27,Urus,2015,V8,858,592,309,3.07,350653
28,Huracán,2020,V10,713,647,318,2.49,654979
29,Urus,2020,V8,818,616,309,2.56,725187
30,Aventador,2007,V12,894,804,311,3.14,244501
31,Urus,2019,V8,762,526,325,3.49,393505
32,Huracán,2017,V10,996,771,321,2.32,715531
33,Revuelto,2001,V12 Hybrid,664,713,353,2.84,734566
34,Murciélago,2010,V12,700,705,317,3.32,368756
35,Countach,2007,V12,811,828,345,2.65,316910
36,Diablo,2002,V12,545,629,313,3.06,664007
37,Countach,2016,V12,684,766,342,3.08,608889
38,Urus,2013,V8,768,702,322,2.85,771583
39,Revuelto,2015,V12 Hybrid,524,547,341,2.43,301724
40,Gallardo,2002,V10,769,897,351,3.43,720283
41,Murciélago,2015,V12,991,711,350,3.16,597354
42,Huracán,2012,V10,763,560,301,2.38,672417
43,Murciélago,2004,V12,809,822,353,2.88,560577
44,Murciélago,2010,V12,592,848,328,2.79,688821
45,Murciélago,2016,V12,815,772,320,2.87,704279
46,Urus,2006,V8,641,729,301,2.66,346219
47,Huracán,2023,V10,617,544,343,3.11,354411
48,Urus,2007,V8,555,874,329,3.36,645589
49,Murciélago,2018,V12,675,558,329,2.54,221213
50,Countach,2017,V12,854,709,310,2.7,433670
51,Aventador,2002,V12,997,772,307,3.24,732485
52,Urus,2005,V8,982,892,313,2.95,241063
53,Gallardo,2000,V10,981,820,303,2.55,448960
54,Huracán,2009,V10,910,559,340,2.61,402944
55,Aventador,2002,V12,650,892,300,2.49,597911
56,Huracán,2019,V10,774,657,311,3.29,454291
57,Diablo,2000,V12,867,747,306,2.33,480024
58,Huracán,2015,V10,961,569,338,3.44,244824
59,Countach,2024,V12,966,505,324,3.5,632791
60,Revuelto,2007,V12 Hybrid,897,687,354,2.82,621825
61,Revuelto,2002,V12 Hybrid,810,661,316,3.26,585311
62,Murciélago,2007,V12,689,648,343,2.68,780996
63,Aventador,2020,V12,709,850,337,3.12,520796
64,Huracán,2002,V10,716,672,341,3.26,332342
65,Aventador,2001,V12,624,556,304,3.3,480956
66,Countach,2009,V12,598,539,348,3.37,592323
67,Huracán,2019,V10,937,634,356,2.63,302648
68,Huracán,2015,V10,921,730,347,2.74,460013
69,Murciélago,2021,V12,536,756,354,3.48,713138
70,Diablo,2008,V12,965,867,343,3.2,784714
71,Aventador,2016,V12,786,641,340,2.74,588183
72,Murciélago,2020,V12,765,785,338,2.88,435704
73,Revuelto,2005,V12 Hybrid,862,866,346,3.42,377930
74,Huracán,2016,V10,812,569,354,3.08,257691
75,Murciélago,2008,V12,777,642,332,2.76,620941
76,Revuelto,2008,V12 Hybrid,958,880,336,2.89,524672
77,Aventador,2005,V12,646,893,304,2.76,475745
78,Countach,2015,V12,596,803,303,2.72,246269
79,Murciélago,2002,V12,529,647,344,2.95,309273
80,Murciélago,2016,V12,520,853,335,3.2,744000
81,Revuelto,2016,V12 Hybrid,908,676,349,3.27,211909
82,Revuelto,2006,V12 Hybrid,571,575,309,2.85,719990
83,Urus,2022,V8,557,665,322,2.37,514326
84,Revuelto,2005,V12 Hybrid,555,590,321,2.73,413290
85,Murciélago,2018,V12,652,759,307,2.4,606494
86,Gallardo,2011,V10,855,752,338,2.54,619807
87,Revuelto,2005,V12 Hybrid,739,782,348,2.95,684450
88,Murciélago,2016,V12,517,567,314,3.11,249596
89,Huracán,2009,V10,898,639,325,2.75,372039
90,Revuelto,2012,V12 Hybrid,952,683,351,3.48,216494
91,Murciélago,2010,V12,920,675,312,3.4,491731
92,Diablo,2007,V12,842,838,331,2.39,771317
93,Countach,2016,V12,932,827,356,2.83,675208
94,Huracán,2010,V10,950,796,337,3.16,391694
95,Huracán,2015,V10,920,805,310,2.64,357865
96,Countach,2022,V12,625,822,326,2.67,563550
97,Revuelto,2016,V12 Hybrid,931,702,319,3.02,260283
98,Diablo,2009,V12,636,870,333,3.28,730166
99,Murciélago,2014,V12,986,766,306,2.81,721422
100,Aventador,2015,V12,643,563,328,2.4,686317
101,Aventador,2013,V12,805,846,303,3.24,637486
102,Aventador,2016,V12,639,590,324,3.21,307627
103,Aventador,2013,V12,697,848,329,2.66,700080
104,Aventador,2011,V12,764,671,330,3.04,704805
105,Urus,2016,V8,895,509,356,3.43,561693
106,Murciélago,2024,V12,753,729,303,2.56,505733
107,Huracán,2010,V10,926,746,341,2.85,512970
108,Urus,2022,V8,977,769,350,3.5,742207
109,Revuelto,2016,V12 Hybrid,584,679,310,2.98,339383
110,Countach,2015,V12,706,864,352,2.96,272172
111,Countach,2004,V12,569,545,347,3.37,635011
112,Revuelto,2023,V12 Hybrid,724,634,324,3.43,749319
113,Murciélago,2016,V12,658,560,305,2.92,573510
114,Diablo,2018,V12,948,825,353,2.74,609700
115,Countach,2004,V12,627,812,324,2.39,263462
116,Urus,2020,V8,795,670,359,3.14,720000
117,Diablo,2014,V12,686,773,322,3.38,612952
118,Revuelto,2019,V12 Hybrid,942,778,355,2.81,346390
119,Urus,2011,V8,657,792,316,2.5,624309
120,Revuelto,2005,V12 Hybrid,962,780,309,3.4,788756
